<?xml version="1.0" encoding="UTF-8"?>
<project-private xmlns="http://www.netbeans.org/ns/project-private/1">
    <editor-bookmarks xmlns="http://www.netbeans.org/ns/editor-bookmarks/2" lastBookmarkId="0"/>
    <open-files xmlns="http://www.netbeans.org/ns/projectui-open-files/2">
        <group>
            <file>file:/C:/Senac/curso%20ds/exercicios/uc9/Atividade3Uc09/src/telas/DetalhesConsulta.java</file>
            <file>file:/C:/Senac/curso%20ds/exercicios/uc9/Atividade3Uc09/src/model/Consulta.java</file>
            <file>file:/C:/Senac/curso%20ds/exercicios/uc9/Atividade3Uc09/src/telas/Cadastro.java</file>
            <file>file:/C:/Senac/curso%20ds/exercicios/uc9/Atividade3Uc09/src/model/Detalhes.java</file>
            <file>file:/C:/Senac/curso%20ds/exercicios/uc9/Atividade3Uc09/src/telas/TelaPrincipal.java</file>
        </group>
    </open-files>
</project-private>
