<?xml version="1.0" encoding="UTF-8"?>
<project-private xmlns="http://www.netbeans.org/ns/project-private/1">
    <editor-bookmarks xmlns="http://www.netbeans.org/ns/editor-bookmarks/2" lastBookmarkId="0"/>
    <open-files xmlns="http://www.netbeans.org/ns/projectui-open-files/2">
        <group>
            <file>file:/C:/Users/ZM%20Motos/Desktop/MACIEL/UC9/Uc9-4/src/tela/Principal.java</file>
            <file>file:/C:/Users/ZM%20Motos/Desktop/MACIEL/UC9/Uc9-4/src/modelo/Medicao.java</file>
            <file>file:/C:/Users/ZM%20Motos/Desktop/MACIEL/UC9/Uc9-4/src/modelo/ListaMedicao.java</file>
        </group>
    </open-files>
</project-private>
